vOTU_header,header_notes,includedinPEONY,num_vOTUs_original,num_vOTUs_PEONY,num_vOTUsPIGEON3,habitat,habitat_sub1,habitat_notes,EmersonLab_data,addedinPIGEONversion,published,title,authors,year_pub,DOI,notes_origins,facility_location,city_county_location,state,country,latitude,longitude
emerson2018_,na,yes,404,277,277,Peat,Peat,na,yes,1,yes,Host-linked soil viral ecology along a permafrost thaw gradient,"Emerson, J.B., Roux, S., Brum, J.R. et al. ",2018,https://doi.org/10.1038/s41564-018-0190-y,na,Stordalen Mire,na,na,Sweden,68.35,19.05
SPRUCE,na,yes,4921,3979,3978,Peat,Peat,na,yes,1,yes,Minnesota peat viromes reveal terrestrial and aquatic niche partitioning for local and global viral populations,"Ter Horst AM, Santos-Medellín C, Sorensen JW, Zinke LA, Wilson RM, Johnston ER, Trubl G, Pett-Ridge J, Blazewicz SJ, Hanson PJ, Chanton JP, Schadt CW, Kostka JE, Emerson JB.",2021,10.1186/s40168-021-01156-0,na,SPRUCE,Grand Rapids,MN,USA,47.500132,-93.450038
roux2019,na,yes,8510,8474,8474,Other,Other,na,no,1,yes,Optimizing de novo genome assembly from PCR-amplified metagenomes,"Roux S, Trubl G, Goudeau D, Nath N, Couradeau E, Ahlgren NA, Zhan Y, Marsan D, Chen F, Fuhrman JA, Northen TR, Sullivan MB, Rich VI, Malmstrom RR, Eloe-Fadrosh EA. ",2019,10.7717/peerj.6902,"multiple locations, not sure where this one is from  roux2019_P_Mid_2017_NODE_145_length_103445_cov_5_630585",na,na,na,na,na,na
trubl2018_,na,yes,40,40,40,Peat,Peat,na,no,1,yes,Soil Viruses Are Underexplored Players in Ecosystem Carbon Processing,"Trubl G, Jang HB, Roux S, Emerson JB, Solonenko N, Vik DR, Solden L, Ellenbogen J, Runyon AT, Bolduc B, Woodcroft BJ, Saleska SR, Tyson GW, Wrighton KC, Sullivan MB, Rich VI. ",2018,10.1128/mSystems.00076-18,na,Stordalen Mire,na,na,Sweden,68.35,19.05
trubl2019,na,yes,255,254,254,Peat,Peat,na,no,1,yes,﻿Towards optimized viral metagenomes for double-stranded and single-stranded DNA viruses from challenging soils,"Trubl G, Roux S, Solonenko N, Li YF, Bolduc B, Rodríguez-Ramos J, Eloe-Fadrosh EA, Rich VI, Sullivan MB. ",2019,10.7717/peerj.7265,na,Stordalen Mire,na,na,Sweden,68.35,19.05
almond_CA_BU_ESCV,na,yes,4202,4136,4136,Soil,Agricultural,na,yes,2,yes,"Dispersal, habitat filtering, and eco-evolutionary dynamics as drivers of local and global wetland viral biogeography, PIGEON2.0","Anneliek M Ter Horst, Jane D Fudyma, Jacqueline L Sones, Joanne B Emerson",2023,10.1038/s41396-023-01516-8,EmersonLab_terHorst_Geonczy,Escalon,Escalon,CA,USA,37.8128,-120.93625
almond_CA_BU_MACV,na,yes,9111,8930,8931,Soil,Agricultural,na,yes,2,yes,"Dispersal, habitat filtering, and eco-evolutionary dynamics as drivers of local and global wetland viral biogeography, PIGEON2.0","Anneliek M Ter Horst, Jane D Fudyma, Jacqueline L Sones, Joanne B Emerson",2023,10.1038/s41396-023-01516-8,EmersonLab_terHorst_Geonczy,Madera county,Madera county,CA,USA,37.13185,-120.1159667
almond_CA_BU_MAV,na,yes,4214,3978,3979,Soil,Agricultural,na,yes,2,yes,"Dispersal, habitat filtering, and eco-evolutionary dynamics as drivers of local and global wetland viral biogeography, PIGEON2.0","Anneliek M Ter Horst, Jane D Fudyma, Jacqueline L Sones, Joanne B Emerson",2023,10.1038/s41396-023-01516-8,EmersonLab_terHorst_Geonczy,Madera county,Madera county,CA,USA,37.13185,-120.1159667
almond_CA_BU_WLV,na,yes,4762,4618,4615,Soil,Agricultural,na,yes,2,yes,"Dispersal, habitat filtering, and eco-evolutionary dynamics as drivers of local and global wetland viral biogeography, PIGEON2.0","Anneliek M Ter Horst, Jane D Fudyma, Jacqueline L Sones, Joanne B Emerson",2023,10.1038/s41396-023-01516-8,EmersonLab_terHorst_Geonczy,Woodland,Woodland,CA,USA,38.58606667,-121.8890833
almond_CA_RHIZ_ESCV,na,yes,5048,4978,4978,Soil,Rhizosphere,na,yes,2,yes,"Dispersal, habitat filtering, and eco-evolutionary dynamics as drivers of local and global wetland viral biogeography, PIGEON2.0","Anneliek M Ter Horst, Jane D Fudyma, Jacqueline L Sones, Joanne B Emerson",2023,10.1038/s41396-023-01516-8,EmersonLab_terHorst_Geonczy,Escalon,Escalon,CA,USA,37.80913333,-120.9363167
almond_CA_RHIZ_MACV,na,yes,6902,6493,6491,Soil,Rhizosphere,na,yes,2,yes,"Dispersal, habitat filtering, and eco-evolutionary dynamics as drivers of local and global wetland viral biogeography, PIGEON2.0","Anneliek M Ter Horst, Jane D Fudyma, Jacqueline L Sones, Joanne B Emerson",2023,10.1038/s41396-023-01516-8,EmersonLab_terHorst_Geonczy,Madera county,Madera county,CA,USA,37.13153333,-120.1159
almond_CA_RHIZ_MAV,na,yes,3121,2835,2833,Soil,Rhizosphere,na,yes,2,yes,"Dispersal, habitat filtering, and eco-evolutionary dynamics as drivers of local and global wetland viral biogeography, PIGEON2.0","Anneliek M Ter Horst, Jane D Fudyma, Jacqueline L Sones, Joanne B Emerson",2023,10.1038/s41396-023-01516-8,EmersonLab_terHorst_Geonczy,Madera county,Madera county,CA,USA,37.13153333,-120.1159
almond_CA_RHIZ_WLV,na,yes,2824,2740,2741,Soil,Rhizosphere,na,yes,2,yes,"Dispersal, habitat filtering, and eco-evolutionary dynamics as drivers of local and global wetland viral biogeography, PIGEON2.0","Anneliek M Ter Horst, Jane D Fudyma, Jacqueline L Sones, Joanne B Emerson",2023,10.1038/s41396-023-01516-8,EmersonLab_terHorst_Geonczy,Woodland,Woodland,CA,USA,38.58606667,-121.8890833
BB_2021_,na,yes,12658,11375,11378,Soil,Wetland,na,yes,2,yes,"Dispersal, habitat filtering, and eco-evolutionary dynamics as drivers of local and global wetland viral biogeography","Anneliek M Ter Horst, Jane D Fudyma, Jacqueline L Sones, Joanne B Emerson",2023,10.1038/s41396-023-01516-8,na,Bodega Bay_BodegaMarineReserve,na,CA,USA,38.31898333,-123.05735
biochar_,na,yes,3645,2368,2368,Soil,Agricultural,na,yes,2,yes,Viromes outperform total metagenomes in revealing the spatiotemporal patterns of agricultural soil viral communities,"Santos-Medellin, C., Zinke, L.A., ter Horst, A.M. ",2021,https://doi.org/10.1038/s41396-021-00897-y,na,Campbell tract, Davis,CA,USA,38.53571,-121.77269
BU_ALM,na,yes,7718,7081,7081,Soil,Agricultural,na,yes,2,yes,"Dispersal, habitat filtering, and eco-evolutionary dynamics as drivers of local and global wetland viral biogeography, PIGEON2.0","Anneliek M Ter Horst, Jane D Fudyma, Jacqueline L Sones, Joanne B Emerson",2023,10.1038/s41396-023-01516-8,test on almond roots to see if vOTU extraction possible,UC Davis Armstrong Plant Pathology Research Field, Davis,CA,USA,38.522309,-121.759999
Hopland_2021_Santos,na,yes,6085,5551,5550,Soil,Grassland,na,yes,2,yes,Spatial turnover of soil viral populations and genotypes overlain by cohesive responses to moisture in Grasslands,"Christian Santos-Medellín, Katerina Estera-Molina, Mengting Yuan, Jennifer Pett-Ridge, Mary K. Firestone, and Joanne B. Emerson",2022,https://doi.org/10.1073/pnas.2209132119,na,Hopland Research and Extension Center, Buck Field,CA,USA,39.004056,-123.085861
natural_reserves_2019_BB,na,yes,2406,2379,2378,Soil,Wetland,na,yes,2,yes,Substantial differences in soil viral community composition within and among four Northern California habitats,"Durham, D.M., Sieradzki, E.T., ter Horst, A.M. et al. ",2022,https://doi.org/10.1038/s43705-022-00171-y,na,Bodega Bay_BodegaMarineReserve, CA,CA,USA,38.31898333,-123.05735
natural_reserves_2019_McL,na,yes,772,479,479,Soil,Forest,na,yes,2,yes,Substantial differences in soil viral community composition within and among four Northern California habitats,"Durham, D.M., Sieradzki, E.T., ter Horst, A.M. et al. ",2022,https://doi.org/10.1038/s43705-022-00171-y,na,McLaughlin Natural Reserve, CA,CA,USA,38.87113845,-122.4239017
natural_reserves_2019_QR,na,yes,207,8,8,Soil,Grassland,na,yes,2,yes,Substantial differences in soil viral community composition within and among four Northern California habitats,"Durham, D.M., Sieradzki, E.T., ter Horst, A.M. et al. ",2022,https://doi.org/10.1038/s43705-022-00171-y,na,Quail Ridge Natural Reserve, CA,CA,USA,38.47791073,-122.1458731
natural_reserves_2019_SCC,na,yes,29,24,24,Soil,Chaparral,na,yes,2,yes,Substantial differences in soil viral community composition within and among four Northern California habitats,"Durham, D.M., Sieradzki, E.T., ter Horst, A.M. et al. ",2022,https://doi.org/10.1038/s43705-022-00171-y,na,Stebbins cold canyon, CA,CA,USA,38.50974458,-122.0969695
natural_reserves_2019_JP,na,yes,302,290,291,Soil,Grassland,na,yes,2,yes,Substantial differences in soil viral community composition within and among four Northern California habitats,"Durham, D.M., Sieradzki, E.T., ter Horst, A.M. et al. ",2022,https://doi.org/10.1038/s43705-022-00171-y,na,Jepson Prairie Reserve,na,CA,USA,38.26343594,-121.8258657
RHIZ_ALM,na,yes,20852,18351,18349,Soil,Rhizosphere,na,yes,2,yes,"Dispersal, habitat filtering, and eco-evolutionary dynamics as drivers of local and global wetland viral biogeography, PIGEON2.0","Anneliek M Ter Horst, Jane D Fudyma, Jacqueline L Sones, Joanne B Emerson",2023,10.1038/s41396-023-01516-8,test on almond roots to see if vOTU extraction possible,Armstrong field, Davis,CA,USA,38.522309,-121.759999
RR_2018_,na,yes,6215,5243,5241,Soil,Agricultural,na,yes,2,yes,Soil pH influences the structure of virus communities at local and global scales,"Sungeun Lee, Jackson W. Sorensen, Robin L. Walker, Joanne B. Emerson, Graeme W. Nicol, Christina Hazard ",2022,https://doi.org/10.1016/j.soilbio.2022.108569,na,Russell Ranch, Davis,CA,USA,38.542395,-121.872207
RR_6_8_frac,na,yes,15624,13039,13035,Soil,Agricultural,na,yes,2,yes,"Dispersal, habitat filtering, and eco-evolutionary dynamics as drivers of local and global wetland viral biogeography, PIGEON2.0","Anneliek M Ter Horst, Jane D Fudyma, Jacqueline L Sones, Joanne B Emerson",2023,10.1038/s41396-023-01516-8,size fractionated soil? saw email thread a long long time ago.. ,Russell Ranch, Davis,CA,USA,38.542395,-121.872207
RR_tom_rhizo_2021,na,yes,50784,937,939,Soil,Agricultural,na,yes,2,yes,"Host community activity, but not always composition, explains viral biogeography in bulk and rhizosphere soils over a tomato growing season","Lucie Stern & Anneliek M. ter Horst, Konner E. Simpson-Johnson, Amélie C.M. Gaudin1, Joanne B. Emerson",2026,https://doi.org/10.64898/2026.03.24.714046,na,Russell Ranch, Davis,CA,USA,38.542395,-121.872207
coutinho_2020,na,yes,55261,40899,40883,Aquatic,Freshwater,na,no,2,yes,New viral biogeochemical roles revealed through metagenomic analysis of Lake Baikal,"Coutinho FH, Cabello-Yeves PJ, Gonzalez-Serrano R, Rosselli R, López-Pérez M, Zemskaya TI, Zakharenko AS, Ivanov VG, Rodriguez-Valera F. ",2020, 10.1186/s40168-020-00936-4,na,Lake Baikal,na,na,Russia,52.97895468,107.3981866
vik_2020,na,yes,16543,16128,14982,Aquatic,Marine,na,no,2,yes,Genome-resolved viral ecology in a marine oxygenminimum zone,"Vik D, Gazitúa MC, Sun CL, Zayed AA, Aldunate M, Mulholland MR, Ulloa O, Sullivan MB.",2021,10.1111/1462-2920.15313,na,Peruvian coast,na,na,Int.Wat.,-12.200185,-77.923276
myriam_2020,na,yes,3567,3526,3521,Aquatic,Freshwater,na,no,2,yes,Extreme Viral Partitioning in a Marine-Derived High Arctic Lake,"Labbé M,Girard C,Vincent WF, Culley AI ",2020,https://doi.org/10.1128/msphere.00334-20,na,Ellesmere Island, Canadian High Arctic,na,CAN,82.596679,-75.266029
Sorensen2021,na,yes,2323,855,857,Soil,Agricultural,na,no,2,yes,DNase Treatment Improves Viral Enrichment in Agricultural Soil Viromes,"Sorensen JW, Zinke LA, Ter Horst AM, Santos-Medellín C, Schroeder A, Emerson JB. DNase Treatment Improves Viral Enrichment in Agricultural Soil Viromes.",2021,10.1128/mSystems.00614-21,na,Campbell tract, Davis,CA,USA,38.53571,-121.77269
tomato_rhizo_GH,na,yes,2607,2557,2557,Soil,Rhizosphere,microcosm,no,2,no,na,na,na,na,"no location, test in greenhouse, test to see if vOTU extraction from tomato roots was possible",UCD Greenhouses,Davis,CA,USA,38.540366,-121.761637
fudyma2025_wateryear_A,na,yes,10696,10637,10638,Soil,Grassland,na,yes,3,yes,Spatial and depth structuring predominate over temporal variation in Mediterranean Grassland soil viral communities,"Jane D. Fudyma, Petar Penev, Katerina Estera-Molina, Jordan Hoff, Steven J. Blazewicz, Jennifer Pett-Ridge, Joanne B. Emerson",2025,https://doi.org/10.64898/2025.12.30.696869,na,Angelo Coast Range Reserve,na,CA,USA,39.727995, −123.645758
fudyma2025_wateryear_H,na,yes,12029,11763,11763,Soil,Grassland,na,yes,3,yes,Spatial and depth structuring predominate over temporal variation in Mediterranean Grassland soil viral communities,"Jane D. Fudyma, Petar Penev, Katerina Estera-Molina, Jordan Hoff, Steven J. Blazewicz, Jennifer Pett-Ridge, Joanne B. Emerson",2025,https://doi.org/10.64898/2025.12.30.696869,na,Hopland Research and Extension Center, Buck Field,CA,USA,39.00178,−123.0682
SM2023_wetup_WUA,na,yes,5586,5491,5491,Soil,Grassland,na,yes,3,yes,Viral but not bacterial community successional patterns reflect extreme turnover shortly after rewetting dry soils,"Santos-Medellín, C., Blazewicz, S.J., Pett-Ridge, J. et al.",2023,https://doi.org/10.1038/s41559-023-02207-5,na,Angelo Coast Range Reserve,na,CA,USA,39.727995, −123.645758
SM2023_wetup_WUB,na,yes,6673,6328,6328,Soil,Grassland,na,yes,3,yes,Viral but not bacterial community successional patterns reflect extreme turnover shortly after rewetting dry soils,"Santos-Medellín, C., Blazewicz, S.J., Pett-Ridge, J. et al.",2023,https://doi.org/10.1038/s41559-023-02207-5,na,McLaughlin Natural Reserve,na,CA,USA,38.87113845,-122.4239017
fudyma24_bufferchem_AN,na,yes,4963,4930,4930,Soil,Grassland,na,yes,3,yes,"Exploring viral particle, soil, and extraction buffer physicochemical characteristics and their impacts on extractable viral communities","Jane D. Fudyma, Anneliek M. ter Horst, Christian Santos-Medellín, Jess W. Sorensen, Grant G. Gogul, Luke S. Hillary, Sara E. Geonczy, Jennifer Pett-Ridge, Joanne B. Emerson",2024,https://doi.org/10.1016/j.soilbio.2024.109419,na,Angelo Coast Range Reserve,na,CA,USA,39.727995, −123.645758
fudyma24_bufferchem_BB,"includes  487 vOTUS from SM_GW, PB_GW, GL_GC,CB_GC headers. Buffer tests from BB soil.",yes,4379,4198,4199,Soil,Wetland,na,yes,3,yes,"Exploring viral particle, soil, and extraction buffer physicochemical characteristics and their impacts on extractable viral communities","Jane D. Fudyma, Anneliek M. ter Horst, Christian Santos-Medellín, Jess W. Sorensen, Grant G. Gogul, Luke S. Hillary, Sara E. Geonczy, Jennifer Pett-Ridge, Joanne B. Emerson",2024,https://doi.org/10.1016/j.soilbio.2024.109419,"also bufferchem_PB, bufferchem_CB, bufferchem_SM, bufferchem_GL vOTUs. All were done in Bodega Bay soil",Bodega Bay_BodegaMarineReserve,na,CA,USA,38.31898333,-123.05735
fudyma24_bufferchem_ML,na,yes,3719,3341,3340,Soil,Forest,na,yes,3,yes,"Exploring viral particle, soil, and extraction buffer physicochemical characteristics and their impacts on extractable viral communities","Jane D. Fudyma, Anneliek M. ter Horst, Christian Santos-Medellín, Jess W. Sorensen, Grant G. Gogul, Luke S. Hillary, Sara E. Geonczy, Jennifer Pett-Ridge, Joanne B. Emerson",2024,https://doi.org/10.1016/j.soilbio.2024.109419,na,McLaughlin Natural Reserve,na,CA,USA,38.87113845,-122.4239017
Geonczy25_patchyburn,"includes USV, UDV, BSV, BDV headers from original publication",yes,"240,814","197,618","197,616",Soil,Forest,na,yes,3,yes,Patchy burn severity explains heterogeneous soil viral and prokaryotic responses to fire in a mixed conifer forest,"Geonczy SE, Hillary LS, Santos-Medellín C, Sorensen JW, Emerson JB",2025,https://doi.org/10.1128/msystems.01749-24,see publication,Blodgett Forest Research Station,na,CA,USA,38.917527,-120.656574
geonczy25_heat,"includes HD, HN, C headers from original publication",yes,18869,14632,14654,Soil,Forest,microcosm,yes,3,yes,Virome responses to heating of a forest soil suggest that most dsDNA viral particles do not persist at 90°C,"Sara E. Geonczy, Luke S. Hillary, Christian Santos-Medellín, Jane D. Fudyma, Jess W. Sorensen, Joanne B. Emerson",2025,https://doi.org/10.1016/j.soilbio.2024.109651Get rights and content,see publication,Blodgett Forest Research Station,na,CA,USA,38.917527,-120.656574
Geonczy25_chapwoodfire_QV_1,"artifical _1 to differentiate habitats, see publication supplementary table 3 for virome IDs linked to habitat, includes QR_1_1, QR_2_2",yes,19073,18012,18013,Soil,Forest,na,yes,3,yes,Soil viral communities shifted significantly after wildfire in chaparral and woodland habitats,"Sara E Geonczy, Anneliek M ter Horst, Joanne B Emerson ",2025,10.1093/ismeco/ycaf073,see publication supplementary table 3 for virome IDs linked to habitat,Quail Ridge Natural Reserve,na,CA,USA,38.47791073,-122.1458731
Geonczy25_chapwoodfire_QV_2,"artifical _2 to differentiate habitats,see publication supplementary table 3 for virome IDs linked to habitat",yes,13907,12875,12877,Soil,Chaparral,na,yes,3,yes,Soil viral communities shifted significantly after wildfire in chaparral and woodland habitats,"Sara E Geonczy, Anneliek M ter Horst, Joanne B Emerson ",2025,10.1093/ismeco/ycaf073,see publication supplementary table 3 for virome IDs linked to habitat,Quail Ridge Natural Reserve,na,CA,USA,38.47791073,-122.1458731
Geonczy25_chapwoodfire_MV_1,"artifical _1 to differentiate habitats, see publication supplementary table 3 for virome IDs linked to habitat, Includes McL_1_1, McL_1_2",yes,18306,17017,17020,Soil,Forest,na,yes,3,yes,Soil viral communities shifted significantly after wildfire in chaparral and woodland habitats,"Sara E Geonczy, Anneliek M ter Horst, Joanne B Emerson ",2025,10.1093/ismeco/ycaf073,see publication supplementary table 3 for virome IDs linked to habitat,McLaughlin Natural Reserve,na,CA,USA,38.87113845,-122.4239017
Geonczy25_chapwoodfire_MV_2,"artifical _2 to differentiate habitats,see publication supplementary table 3 for virome IDs linked to habitat",yes,19006,18139,18875,Soil,Chaparral,na,yes,3,yes,Soil viral communities shifted significantly after wildfire in chaparral and woodland habitats,"Sara E Geonczy, Anneliek M ter Horst, Joanne B Emerson ",2025,10.1093/ismeco/ycaf073,see publication supplementary table 3 for virome IDs linked to habitat,McLaughlin Natural Reserve,na,CA,USA,38.87113845,-122.4239017
RR_timeseries,na,yes,4768,2642,2640,Soil,Agricultural,na,yes,3,no,na,na,na,na,EmersonLab_HGoemann_JSorensen,Russell Ranch Sustainable Agriculture Facility,Davis,CA,USA,38.542395,-121.872207
RRtomatodeep,na,yes,2151,1195,1198,Soil,Agricultural,na,yes,3,no,na,na,na,na,EmersonLab_HGoemann_JFudyma,Russell Ranch Sustainable Agriculture Facility,Davis,CA,USA,38.542395,-121.872207
GG_gh_nematode,na,yes,"56,164","53,326","53,327",Soil,Agricultural,microcosm,yes,3,no,na,na,na,na,"EmersonLab_GGogul, greenhouse",UCD Greenhouses,Davis,CA,USA,38.540366,-121.761637
jepsonsheep25,na,yes,1515,1480,1480,Digestive,Digestive,na,yes,3,no,na,na,na,na,EmersonLab_LJiraska,Jepson Prairie Reserve,na,CA,USA,38.26343594,-121.8258657
jepsonplant24,na,yes,"9,306","9,037","9,037",Soil,Grassland,na,yes,3,no,na,na,na,na,EmersonLab_LJiraska,Jepson Prairie Reserve,na,CA,USA,38.26343594,-121.8258657
jepsonPEG24,na,yes,"13,018","12,688","12,684",Soil,Grassland,na,yes,3,no,na,na,na,na,EmersonLab_LJiraska,Jepson Prairie Reserve,na,CA,USA,38.26343594,-121.8258657
KITP2024,na,yes,54069,51291,51262,Soil,Wetland,na,yes,3,no,na,na,na,na,EmersonLab_LJiraska,Carpinteria Salt Marsh Reserve,na,CA,USA,34.39906825,-119.535884
GG_phosphorus,na,yes,13618,12729,12732,Soil,Grassland,microcosm,yes,3,no,na,na,na,na,EmersonLab_GGogul,Hopland Research and Extension Center, Buck Field,CA,USA,39.004056,-123.085861
wineferment_UCD,na,yes,53,53,53,Other,Other,na,yes,3,no,na,na,na,na,EmersonLab_LJiraska,UCD Research Vineyards,Davis,CA,USA,38.540366,-121.761637
PR2025,na,yes,10851,10247,10249,Soil,Agricultural,na,yes,3,no,na,na,na,na,EmersonLab_HGoemann,Paso Robles,Paso Robles,CA,USA,35.615403,-120.798503
AMF_tomato,na,yes,"52,042","39,057","39,055",Soil,Agricultural,na,yes,3,no,na,na,na,na,EmersonLab_AterHorst_Ljiraska,UC Davis Armstrong Plant Pathology Research Field,Davis,CA,USA,38.540366,-121.761637
Bi2024_hypersulfidicsoils,na,yes,5092,5059,5058,Soil,Wetland,na,no,3,yes,Total metagenomes outperform viromes in recovering viral diversity from sulfuric soils,"Li Bi, Ji-Zheng He, Hang-Wei Hu ",2024, 10.1093/ismeco/ycae017,na,na,na,na,Australia,-34.750047,138.974683
Bi2025_hypersulfidicsoils,na,yes,4521,4519,4519,Soil,Wetland,na,no,3,yes,Adaptive strategies of soil viruses in oligotrophic arid environments,"Li Bi, Bin Ma, Ji-Zheng He, Hang-Wei Hu",2025,https://doi.org/10.1016/j.soilbio.2025.109941,na,na,na,na,Australia,-21.125797,141.303756
Comau,na,yes,6043,5684,5329,Aquatic,Marine,na,no,3,yes,"Seasonal and Spatially Distributed Viral Metagenomes from Comau Fjord (42Â°S), Patagonia","Eduardo Castro-Nallar, Valentín Berríos-Farías, Beatriz Díez, Sergio Guajardo-Leiva",2023,https://doi.org/10.1128/mra.00082-23,na,Patagonia,na,na,Chile,-42.334397,-72.460428
Zhong2021_glacierice,na,yes,28,28,28,Aquatic,Freshwater,na,no,3,yes,"Glacier ice archives nearly 15,000-year-old microbes and phages","Zhi-Ping Zhong , Funing Tian, Simon Roux , M Consuelo Gazitúa, Natalie E Solonenko, Yueh-Fen Li, Mary E Davis, James L Van Etten, Ellen Mosley-Thompson, Virginia I Rich, Matthew B Sullivan, Lonnie G Thompson",2021,10.1186/s40168-021-01106-w,na,Tibetan Plateau,na,na,China,35.283333,81.483333
Zhong2021_river,na,yes,107,106,105,Aquatic,Freshwater,na,no,3,yes,"Glacier ice archives nearly 15,000-year-old microbes and phages","Zhi-Ping Zhong , Funing Tian, Simon Roux , M Consuelo Gazitúa, Natalie E Solonenko, Yueh-Fen Li, Mary E Davis, James L Van Etten, Ellen Mosley-Thompson, Virginia I Rich, Matthew B Sullivan, Lonnie G Thompson",2021,10.1186/s40168-021-01106-w,na,Tibetan Plateau,na,na,China,35.283333,81.483333
GuajardoLieva_hotspringsChile,na,yes,218,215,215,Aquatic,Freshwater,na,no,3,yes,Unveiling Ecological and Genetic Novelty within Lytic and Lysogenic Viral Communities of Hot Spring Phototrophic Microbial Mats,"Sergio Guajardo-Leiva, Fernando Santos, Oscar Salgado, Christophe Regeard, Laurent Quillet, Beatriz Díez",2021,https://doi.org/10.1128/Spectrum.00694-21,na,Northern Patagonia,na,na,Chile,-42.458083,-72.460917
Liao2022,na,yes,61385,61121,61112,Soil,Agricultural,na,no,3,yes,Response of soil viral communities to land use changes,"Liao, H., Li, H., Duan, CS. et al. ",2022,https://doi.org/10.1038/s41467-022-33771-2,na,Xiamen,na,na,China,24.464542,118.088358
Nishijima2022,na,yes,1559,1523,1414,Digestive,Digestive,na,no,3,yes,Extensive gut virome variation and its associations with host and environmental factors in a population-level cohort,"Nishijima, S., Nagata, N., Kiguchi, Y. et al. ",2022,https://doi.org/10.1038/s41467-022-32832-w,na,na,Tokyo,na,Japan,35.622858,139.807642
sato2023_bovine,na,yes,22675,20694,20668,Digestive,Digestive,na,no,3,yes,"A rumen virosphere with implications of contribution to fermentation and methane production, and endemism in cattle breeds and individuals","Sato Y, Takebe H, Tominaga K, Yasuda J, Kumagai H, Hirooka H, Yoshida T. ",2023,https://doi.org/10.1128/aem.01581-23,na,Tochigi,Tochigi,na,Japan,36.669431,139.847247
sato2025_bovine,na,yes,18336,17680,17668,Digestive,Digestive,na,no,3,yes,Rumen DNA virome in beef cattle reveals an unexplored diverse community with potential links to carcass traits,"Sato, Yoshiaki",2025, 10.1093/ismeco/ycaf021,na,Tochigi,Tochigi,na,Japan,36.669431,139.847247
Muscatt_rhizosphere,na,yes,509,509,509,Soil,Agricultural,na,no,3,yes,Crop management shapes the diversity and activity of DNA and RNA viruses in the rhizosphere,"Muscatt G, Hilton S, Raguideau S, Teakle G, Lidbury IDEA, Wellington EMH, Quince C, Millard A, Bending GD, Jameson E.",2022,10.1186/s40168-022-01371-3,na,Wellesbourne,Wellesbourne,na,UK,53.55,1.03
braga2023_rhiz,na,yes,2038,2035,2035,Soil,Rhizosphere,na,no,3,yes,Awaking the dormant virome in the rhizosphere,"Braga LPP, Schumacher RI",2023,10.1111/mec.16893.,na,na,na,na,Brazil,-22.666667,-48.166667
gendre2025,na,yes,172,172,172,Other,Other,na,no,3,yes,Exploring viral diversity in fermented vegetables through viral metagenomics,"Cantuti Gendre J, Le Marrec C, Chaillou S, Omhover-Fougy L, Landaud S, Dugat-Bony E",2025,10.1016/j.fm.2025.104733,na,na,na,na,France,48.745219,2.317697
ni2024,na,yes,50,44,44,Aquatic,Marine,na,no,3,yes,Forty-nine metagenomic-assembled genomes from an aquatic virome expand Caudoviricetes by 45 potential new families and the newly uncovered Gossevirus of Bamfordvirae,"Ni Y, Chu T, Yan S, Wang Y.",2024, 10.1099/jgv.0.001967,na,Yangshan Harbor, East China Sea,na,China,30.465189,121.713311
guo2025,na,yes,121517,111787,106755,Aquatic,Marine,na,no,3,yes,Diversity and Ecological Potentials of Marine Viruses Inhabiting Continental Shelf Seas,"Yimin Ni, Ting Chu, Shuling Yan​ and Yongjie Wang",2026,10.1002/advs.202511707,na,East China Sea, Yellow Sea,na,China,32.361392,125.204306
homfeldt2021,na,yes,1040,1018,1018,Aquatic,Marine,na,no,3,yes,The Fennoscandian Shield deep terrestrial virosphere suggests slow motion 'boom and burst' cycles,"Holmfeldt K, Nilsson E, Simone D, Lopez-Fernandez M, Wu X, de Bruijn I, Lundin D, Andersson AF, Bertilsson S, Dopson M.",2021,10.1038/s42003-021-01810-1,na,Sweden,na,na,Sweden,57.434444,16.66
taihu2024,na,yes,11714,11684,11672,Aquatic,Freshwater,na,no,3,yes,"Seasonal succession, host associations, and biochemical roles of aquatic viruses in a eutrophic lake plagued by cyanobacterial blooms","Ling Yuan, Pingfeng Yu, Xinyu Huang, Ze Zhao, Linxing Chen, Feng Ju",2024,10.1016/j.envint.2024.109125,na,Lake Taihu,na,na,China,31.20216807,120.159459
trubl26,na,yes,354,235,235,Soil,Grassland,na,no,3,yes,Disentangling Production and Persistence of Extracellular Virions in Grassland Soils with SIP-Viromics,"Gareth Trubl, Simon Roux, Matthew Kellom, Dariia Vyshenska, Andy Tomatsu, Kanwar Singh, Jeffrey A. Kimbrel, Emiley Eloe-Fadrosh, Rex R. Malmstrom, Jennifer Pett-Ridge, Steven J. Blazewicz",2026,https://doi.org/10.1101/2025.05.25.655894,na,Hopland Research and Extension Center, Buck Field,CA,USA,39.00178,−123.0682
GRE_,na,no,640,na,632,Soil,Forest,microcosm,yes,1,yes,Minnesota peat viromes reveal terrestrial and aquatic niche partitioning for local and global viral populations,"Ter Horst AM, Santos-Medellín C, Sorensen JW, Zinke LA, Wilson RM, Johnston ER, Trubl G, Pett-Ridge J, Blazewicz SJ, Hanson PJ, Chanton JP, Schadt CW, Kostka JE, Emerson JB.",2021,10.1186/s40168-021-01156-0,sample collection and data generation are described in Minnesota peat viromes reveal terrestrial and aquatic niche partitioning for local and global viral populations,Puerto Rico,na,na,USA,18.32903965,-66.58770719
EV_3300002067_JGI24735J21928_10000039,na,no,8546,na,6667.571429,Soil,Rhizosphere,na,no,1,yes,Uncovering Earth's Virome,"Paez-Espino, D., Eloe-Fadrosh, E., Pavlopoulos, G. et al. ",2016,https://doi.org/10.1038/nature19094,"Kellogg Biological Station, Michigan State University, Michigan",Kellogg Biological Station, Michigan State University,MI,USA,42.406206,-85.40318
EV_2228664021_ICCgaii200_c1062606,na,no,8546,na,6667.571429,Soil,Grassland,na,no,1,yes,Uncovering Earth's Virome,"Paez-Espino, D., Eloe-Fadrosh, E., Pavlopoulos, G. et al. ",2016,https://doi.org/10.1038/nature19094,"Morris Prairie, Iowa",Morris Prairie, Iowa,IA,USA,41.771332,-92.961123
EV_2162886007_SwRhRL2b_contig_771694,na,no,8546,na,6667.571429,Soil,Rhizosphere,na,no,1,yes,Uncovering Earth's Virome,"Paez-Espino, D., Eloe-Fadrosh, E., Pavlopoulos, G. et al. ",2016,https://doi.org/10.1038/nature19094,"Rose Lake, Michigan",Rose Lake, Michigan,MI,USA,42.794771,-84.393804
EV_3300000363_ICChiseqgaiiFebDRAFT_11472657,na,no,8546,na,6667.571429,Soil,Grassland,na,no,1,yes,Uncovering Earth's Virome,"Paez-Espino, D., Eloe-Fadrosh, E., Pavlopoulos, G. et al. ",2016,https://doi.org/10.1038/nature19094,"Morris Prairie, Iowa",Morris Prairie, Iowa,IA,USA,41.771332,-92.961123
EV_3300001915_JGI24741J21665_1000551,na,no,8546,na,6667.571429,Soil,Rhizosphere,na,no,1,yes,Uncovering Earth's Virome,"Paez-Espino, D., Eloe-Fadrosh, E., Pavlopoulos, G. et al. ",2016,https://doi.org/10.1038/nature19094,"Kellogg Biological Station, Michigan State University, Michigan",Kellogg Biological Station, Michigan State University,MI,USA,42.406206,-85.40318
EV_3300001077_JGI12419J13241_1000018,na,no,8546,na,6667.571429,Other,Other,na,no,1,yes,Uncovering Earth's Virome,"Paez-Espino, D., Eloe-Fadrosh, E., Pavlopoulos, G. et al. ",2016,https://doi.org/10.1038/nature19094, BGW Initial Compost,Newby Island Compost Facility, Milpitas,CA,USA,37.86971,-122.31414
EV_3300003215_JGI25153J46596_10000318,na,no,8546,na,6667.571429,Soil,Rhizosphere,na,no,1,yes,Uncovering Earth's Virome,"Paez-Espino, D., Eloe-Fadrosh, E., Pavlopoulos, G. et al. ",2016,https://doi.org/10.1038/nature19094,"Arabidopsis root microbial communities from the University of North Carolina, USA ",University of North Carolina,na,na,USA,35.9082,-79.0499
roux2015,na,no,7505,na,4515,Other,Other,na,no,1,yes,﻿Viral dark matter and virus–host interactions resolved from publicly available microbial genomes,"Simon Roux, Steven J Hallam , Tanja Woyke, Matthew B Sullivan",2015, https://doi.org/10.7554/eLife.08490,"no location, roux2015_vdm_Alphaproteobacteria_gi_484351870_Uncultured_dsDNA_viruses__no_RNA_stage; roux2015_vdm_Actinobacteria_gi_335052661_9901_30151_Uncultured_Viruses",NA,na,na,na,na,na
martins2018,na,no,1209,na,1200,Soil,Wetland,na,no,1,yes,﻿Viral and metabolic controls on high rates of microbial sulfur and carbon cycling in wetland ecosystems,"Dalcin Martins P, Danczak RE, Roux S, Frank J, Borton MA, Wolfe RA, Burris MN, Wilkins MJ. ",2018,10.1186/s40168-018-0522-4,na,Cottonwood Lake Study Area, Jamestown,ND,USA,47.098833,-99.103917
ICE_SIP,na,no,332,na,329,Peat,Peat,na,no,1,yes,Active virus-host interactions at sub-freezing temperatures in Arctic peat soil,"Trubl, G., Kimbrel, J.A., Liquet-Gonzalez, J. et al. ",2021,https://doi.org/10.1186/s40168-021-01154-2,na,Alaska Peatland Experiment, Fairbanks,AK,USA,64.7,-148.3
GOV_100,na,no,3945,na,3388,Aquatic,Marine,na,no,1,yes,Marine DNA Viral Macro- and Microdiversity from Pole to Pole,Gregory et al. ,2019,https://doi.org/10.1016/j.cell.2019.03.040,see publication for location specific header information,[SPO] South Pacific Ocean (MRGID:1910),na,na,Int.Wat.,-12.9794,-96.0232
GOV_102,na,no,4266,na,3452,Aquatic,Marine,na,no,1,yes,Marine DNA Viral Macro- and Microdiversity from Pole to Pole,Gregory et al. ,2019,https://doi.org/10.1016/j.cell.2019.03.040,see publication for location specific header information,[SPO] South Pacific Ocean (MRGID:1910),na,na,Int.Wat.,-5.2669,-85.2732
GOV_109,na,no,2539,na,2235,Aquatic,Marine,na,no,1,yes,Marine DNA Viral Macro- and Microdiversity from Pole to Pole,Gregory et al. ,2019,https://doi.org/10.1016/j.cell.2019.03.040,see publication for location specific header information,[NPO] North Pacific Ocean (MRGID:1908),na,na,Int.Wat.,1.9928,-84.5766
GOV_11,na,no,169,na,148,Aquatic,Marine,na,no,1,yes,Marine DNA Viral Macro- and Microdiversity from Pole to Pole,Gregory et al. ,2019,https://doi.org/10.1016/j.cell.2019.03.040,see publication for location specific header information,[MS] Mediterranean Sea (MRGID:1905),na,na,Int.Wat.,41.6686,2.7996
GOV_111,na,no,5885,na,5194,Aquatic,Marine,na,no,1,yes,Marine DNA Viral Macro- and Microdiversity from Pole to Pole,Gregory et al. ,2019,https://doi.org/10.1016/j.cell.2019.03.040,see publication for location specific header information,[SPO] South Pacific Ocean (MRGID:1910),na,na,Int.Wat.,-16.9486,-100.6715
GOV_122,na,no,2659,na,2327,Aquatic,Marine,na,no,1,yes,Marine DNA Viral Macro- and Microdiversity from Pole to Pole,Gregory et al. ,2019,https://doi.org/10.1016/j.cell.2019.03.040,see publication for location specific header information,[SPO] South Pacific Ocean (MRGID:1910),na,na,Int.Wat.,-9.0063,-139.1394
GOV_123,na,no,2914,na,2516,Aquatic,Marine,na,no,1,yes,Marine DNA Viral Macro- and Microdiversity from Pole to Pole,Gregory et al. ,2019,https://doi.org/10.1016/j.cell.2019.03.040,see publication for location specific header information,[SPO] South Pacific Ocean (MRGID:1910),na,na,Int.Wat.,-8.9109,-140.2845
GOV_124,na,no,1951,na,1548,Aquatic,Marine,na,no,1,yes,Marine DNA Viral Macro- and Microdiversity from Pole to Pole,Gregory et al. ,2019,https://doi.org/10.1016/j.cell.2019.03.040,see publication for location specific header information,[SPO] South Pacific Ocean (MRGID:1910),na,na,Int.Wat.,-9.1504,-140.5216
GOV_125,na,no,2910,na,2564,Aquatic,Marine,na,no,1,yes,Marine DNA Viral Macro- and Microdiversity from Pole to Pole,Gregory et al. ,2019,https://doi.org/10.1016/j.cell.2019.03.040,see publication for location specific header information,[SPO] South Pacific Ocean (MRGID:1910),na,na,Int.Wat.,-8.8999,-142.5461
GOV_137,na,no,4826,na,4281,Aquatic,Marine,na,no,1,yes,Marine DNA Viral Macro- and Microdiversity from Pole to Pole,Gregory et al. ,2019,https://doi.org/10.1016/j.cell.2019.03.040,see publication for location specific header information,[NPO] North Pacific Ocean (MRGID:1908),na,na,Int.Wat.,14.2075,-116.6468
GOV_138,na,no,3033,na,2683,Aquatic,Marine,na,no,1,yes,Marine DNA Viral Macro- and Microdiversity from Pole to Pole,Gregory et al. ,2019,https://doi.org/10.1016/j.cell.2019.03.040,see publication for location specific header information,[NPO] North Pacific Ocean (MRGID:1908),na,na,Int.Wat.,6.3559,-103.0598
GOV_155,na,no,8559,na,7617,Aquatic,Marine,na,no,1,yes,Marine DNA Viral Macro- and Microdiversity from Pole to Pole,Gregory et al. ,2019,https://doi.org/10.1016/j.cell.2019.03.040,see publication for location specific header information,[NPO] North Pacific Ocean (MRGID:1908),na,na,Int.Wat.,54.5451,-16.7943
GOV_158,na,no,4564,na,3602,Aquatic,Marine,na,no,1,yes,Marine DNA Viral Macro- and Microdiversity from Pole to Pole,Gregory et al. ,2019,https://doi.org/10.1016/j.cell.2019.03.040,see publication for location specific header information,[AO] Arctic Ocean (MRGID:1906),na,na,Int.Wat.,67.1675,0.2177
GOV_163,na,no,948,na,706,Aquatic,Marine,na,no,1,yes,Marine DNA Viral Macro- and Microdiversity from Pole to Pole,Gregory et al. ,2019,https://doi.org/10.1016/j.cell.2019.03.040,see publication for location specific header information,[AO] Arctic Ocean (MRGID:1906),na,na,Int.Wat.,76.1246,1.3648
GOV_168,na,no,4942,na,3593,Aquatic,Marine,na,no,1,yes,Marine DNA Viral Macro- and Microdiversity from Pole to Pole,Gregory et al. ,2019,https://doi.org/10.1016/j.cell.2019.03.040,see publication for location specific header information,[AO] Arctic Ocean (MRGID:1906),na,na,Int.Wat.,72.5432,44.102
GOV_173,na,no,1869,na,1296,Aquatic,Marine,na,no,1,yes,Marine DNA Viral Macro- and Microdiversity from Pole to Pole,Gregory et al. ,2019,https://doi.org/10.1016/j.cell.2019.03.040,see publication for location specific header information,[AO] Arctic Ocean (MRGID:1906),na,na,Int.Wat.,78.9354,79.0604
GOV_175,na,no,2625,na,1961,Aquatic,Marine,na,no,1,yes,Marine DNA Viral Macro- and Microdiversity from Pole to Pole,Gregory et al. ,2019,https://doi.org/10.1016/j.cell.2019.03.040,see publication for location specific header information,[AO] Arctic Ocean (MRGID:1906),na,na,Int.Wat.,79.2233,66.3435
GOV_178,na,no,945,na,594,Aquatic,Marine,na,no,1,yes,Marine DNA Viral Macro- and Microdiversity from Pole to Pole,Gregory et al. ,2019,https://doi.org/10.1016/j.cell.2019.03.040,see publication for location specific header information,[AO] Arctic Ocean (MRGID:1906),na,na,Int.Wat.,77.1604,73.2057
GOV_18,na,no,1627,na,1482,Aquatic,Marine,na,no,1,yes,Marine DNA Viral Macro- and Microdiversity from Pole to Pole,Gregory et al. ,2019,https://doi.org/10.1016/j.cell.2019.03.040,see publication for location specific header information,[MS] Mediterranean Sea (MRGID:1905),na,na,Int.Wat.,35.7528,14.2765
GOV_180,na,no,5990,na,5406,Aquatic,Marine,na,no,1,yes,Marine DNA Viral Macro- and Microdiversity from Pole to Pole,Gregory et al. ,2019,https://doi.org/10.1016/j.cell.2019.03.040,see publication for location specific header information,[AO] Arctic Ocean (MRGID:1906),na,na,Int.Wat.,74.8023,76.1478
GOV_188,na,no,3119,na,2258,Aquatic,Marine,na,no,1,yes,Marine DNA Viral Macro- and Microdiversity from Pole to Pole,Gregory et al. ,2019,https://doi.org/10.1016/j.cell.2019.03.040,see publication for location specific header information,[AO] Arctic Ocean (MRGID:1906),na,na,Int.Wat.,78.2518,91.8557
GOV_189,na,no,5743,na,4733,Aquatic,Marine,na,no,1,yes,Marine DNA Viral Macro- and Microdiversity from Pole to Pole,Gregory et al. ,2019,https://doi.org/10.1016/j.cell.2019.03.040,see publication for location specific header information,[AO] Arctic Ocean (MRGID:1906),na,na,Int.Wat.,78.0391,116.4105
GOV_191,na,no,1967,na,1655,Aquatic,Marine,na,no,1,yes,Marine DNA Viral Macro- and Microdiversity from Pole to Pole,Gregory et al. ,2019,https://doi.org/10.1016/j.cell.2019.03.040,see publication for location specific header information,[AO] Arctic Ocean (MRGID:1906),na,na,Int.Wat.,71.5955,160.9383
GOV_193,na,no,2038,na,1605,Aquatic,Marine,na,no,1,yes,Marine DNA Viral Macro- and Microdiversity from Pole to Pole,Gregory et al. ,2019,https://doi.org/10.1016/j.cell.2019.03.040,see publication for location specific header information,[AO] Arctic Ocean (MRGID:1906),na,na,Int.Wat.,71.0704,174.9916
GOV_194,na,no,3444,na,2631,Aquatic,Marine,na,no,1,yes,Marine DNA Viral Macro- and Microdiversity from Pole to Pole,Gregory et al. ,2019,https://doi.org/10.1016/j.cell.2019.03.040,see publication for location specific header information,[AO] Arctic Ocean (MRGID:1906),na,na,Int.Wat.,73.3275,-168.8142
GOV_196,na,no,1834,na,1474,Aquatic,Marine,na,no,1,yes,Marine DNA Viral Macro- and Microdiversity from Pole to Pole,Gregory et al. ,2019,https://doi.org/10.1016/j.cell.2019.03.040,see publication for location specific header information,[AO] Arctic Ocean (MRGID:1906),na,na,Int.Wat.,71.8895,-154.9101
GOV_201,na,no,4731,na,3597,Aquatic,Marine,na,no,1,yes,Marine DNA Viral Macro- and Microdiversity from Pole to Pole,Gregory et al. ,2019,https://doi.org/10.1016/j.cell.2019.03.040,see publication for location specific header information,[AO] Arctic Ocean (MRGID:1906),na,na,Int.Wat.,74.305,-85.6552
GOV_205,na,no,3001,na,2205,Aquatic,Marine,na,no,1,yes,Marine DNA Viral Macro- and Microdiversity from Pole to Pole,Gregory et al. ,2019,https://doi.org/10.1016/j.cell.2019.03.040,see publication for location specific header information,[AO] Arctic Ocean (MRGID:1906),na,na,Int.Wat.,72.4693,-71.892
GOV_206,na,no,3734,na,2833,Aquatic,Marine,na,no,1,yes,Marine DNA Viral Macro- and Microdiversity from Pole to Pole,Gregory et al. ,2019,https://doi.org/10.1016/j.cell.2019.03.040,see publication for location specific header information,[AO] Arctic Ocean (MRGID:1906),na,na,Int.Wat.,70.9574,-53.5989
GOV_208,na,no,1467,na,1050,Aquatic,Marine,na,no,1,yes,Marine DNA Viral Macro- and Microdiversity from Pole to Pole,Gregory et al. ,2019,https://doi.org/10.1016/j.cell.2019.03.040,see publication for location specific header information,[AO] Arctic Ocean (MRGID:1906),na,na,Int.Wat.,69.1136,-51.5086
GOV_209,na,no,3567,na,2503,Aquatic,Marine,na,no,1,yes,Marine DNA Viral Macro- and Microdiversity from Pole to Pole,Gregory et al. ,2019,https://doi.org/10.1016/j.cell.2019.03.040,see publication for location specific header information,[AO] Arctic Ocean (MRGID:1906),na,na,Int.Wat.,64.7127,-53.0106
GOV_210,na,no,4381,na,3440,Aquatic,Marine,na,no,1,yes,Marine DNA Viral Macro- and Microdiversity from Pole to Pole,Gregory et al. ,2019,https://doi.org/10.1016/j.cell.2019.03.040,see publication for location specific header information,[AO] Arctic Ocean (MRGID:1906),na,na,Int.Wat.,61.5427,-55.9869
GOV_22,na,no,1927,na,1675,Aquatic,Marine,na,no,1,yes,Marine DNA Viral Macro- and Microdiversity from Pole to Pole,Gregory et al. ,2019,https://doi.org/10.1016/j.cell.2019.03.040,see publication for location specific header information,[MS] Mediterranean Sea (MRGID:1905),na,na,Int.Wat.,39.8386,17.4155
GOV_23,na,no,1777,na,1554,Aquatic,Marine,na,no,1,yes,Marine DNA Viral Macro- and Microdiversity from Pole to Pole,Gregory et al. ,2019,https://doi.org/10.1016/j.cell.2019.03.040,see publication for location specific header information,[MS] Mediterranean Sea (MRGID:1905),na,na,Int.Wat.,42.1735,17.7252
GOV_25,na,no,2191,na,1856,Aquatic,Marine,na,no,1,yes,Marine DNA Viral Macro- and Microdiversity from Pole to Pole,Gregory et al. ,2019,https://doi.org/10.1016/j.cell.2019.03.040,see publication for location specific header information,[MS] Mediterranean Sea (MRGID:1905),na,na,Int.Wat.,39.3991,19.3997
GOV_30,na,no,1246,na,1141,Aquatic,Marine,na,no,1,yes,Marine DNA Viral Macro- and Microdiversity from Pole to Pole,Gregory et al. ,2019,https://doi.org/10.1016/j.cell.2019.03.040,see publication for location specific header information,[MS] Mediterranean Sea (MRGID:1905),na,na,Int.Wat.,33.9235,32.8118
GOV_31,na,no,878,na,725,Aquatic,Marine,na,no,1,yes,Marine DNA Viral Macro- and Microdiversity from Pole to Pole,Gregory et al. ,2019,https://doi.org/10.1016/j.cell.2019.03.040,see publication for location specific header information,[RS] Red Sea (MRGID:4264),na,na,Int.Wat.,33.9235,32.8118
GOV_32,na,no,1554,na,1298,Aquatic,Marine,na,no,1,yes,Marine DNA Viral Macro- and Microdiversity from Pole to Pole,Gregory et al. ,2019,https://doi.org/10.1016/j.cell.2019.03.040,see publication for location specific header information,[RS] Red Sea (MRGID:4264),na,na,Int.Wat.,23.4183,37.245
GOV_33,na,no,1538,na,1238,Aquatic,Marine,na,no,1,yes,Marine DNA Viral Macro- and Microdiversity from Pole to Pole,Gregory et al. ,2019,https://doi.org/10.1016/j.cell.2019.03.040,see publication for location specific header information,[RS] Red Sea (MRGID:4264),na,na,Int.Wat.,21.9467,38.2517
GOV_34,na,no,3263,na,2827,Aquatic,Marine,na,no,1,yes,Marine DNA Viral Macro- and Microdiversity from Pole to Pole,Gregory et al. ,2019,https://doi.org/10.1016/j.cell.2019.03.040,see publication for location specific header information,[RS] Red Sea (MRGID:4264),na,na,Int.Wat.,18.4417,39.8567
GOV_36,na,no,1343,na,1120,Aquatic,Marine,na,no,1,yes,Marine DNA Viral Macro- and Microdiversity from Pole to Pole,Gregory et al. ,2019,https://doi.org/10.1016/j.cell.2019.03.040,see publication for location specific header information,[IO] Indian Ocean (MRGID:1904),na,na,Int.Wat.,20.8183,63.5047
GOV_37,na,no,1961,na,1842,Aquatic,Marine,na,no,1,yes,Marine DNA Viral Macro- and Microdiversity from Pole to Pole,Gregory et al. ,2019,https://doi.org/10.1016/j.cell.2019.03.040,see publication for location specific header information,[IO] Indian Ocean (MRGID:1904),na,na,Int.Wat.,20.8457,63.5851
GOV_38,na,no,1321,na,1094,Aquatic,Marine,na,no,1,yes,Marine DNA Viral Macro- and Microdiversity from Pole to Pole,Gregory et al. ,2019,https://doi.org/10.1016/j.cell.2019.03.040,see publication for location specific header information,[IO] Indian Ocean (MRGID:1904),na,na,Int.Wat.,19.0351,64.5638
GOV_39,na,no,3104,na,2681,Aquatic,Marine,na,no,1,yes,Marine DNA Viral Macro- and Microdiversity from Pole to Pole,Gregory et al. ,2019,https://doi.org/10.1016/j.cell.2019.03.040,see publication for location specific header information,[IO] Indian Ocean (MRGID:1904),na,na,Int.Wat.,18.5839,66.4727
GOV_41,na,no,1472,na,1259,Aquatic,Marine,na,no,1,yes,Marine DNA Viral Macro- and Microdiversity from Pole to Pole,Gregory et al. ,2019,https://doi.org/10.1016/j.cell.2019.03.040,see publication for location specific header information,[IO] Indian Ocean (MRGID:1904),na,na,Int.Wat.,14.5536,70.0128
GOV_42,na,no,2415,na,2082,Aquatic,Marine,na,no,1,yes,Marine DNA Viral Macro- and Microdiversity from Pole to Pole,Gregory et al. ,2019,https://doi.org/10.1016/j.cell.2019.03.040,see publication for location specific header information,[IO] Indian Ocean (MRGID:1904),na,na,Int.Wat.,6.0001,73.8955
GOV_45,na,no,793,na,680,Aquatic,Marine,na,no,1,yes,Marine DNA Viral Macro- and Microdiversity from Pole to Pole,Gregory et al. ,2019,https://doi.org/10.1016/j.cell.2019.03.040,see publication for location specific header information,[IO] Indian Ocean (MRGID:1904),na,na,Int.Wat.,0.0033,71.6428
GOV_46,na,no,638,na,538,Aquatic,Marine,na,no,1,yes,Marine DNA Viral Macro- and Microdiversity from Pole to Pole,Gregory et al. ,2019,https://doi.org/10.1016/j.cell.2019.03.040,see publication for location specific header information,[IO] Indian Ocean (MRGID:1904),na,na,Int.Wat.,-0.6625,73.161
GOV_48,na,no,806,na,706,Aquatic,Marine,na,no,1,yes,Marine DNA Viral Macro- and Microdiversity from Pole to Pole,Gregory et al. ,2019,https://doi.org/10.1016/j.cell.2019.03.040,see publication for location specific header information,[IO] Indian Ocean (MRGID:1904),na,na,Int.Wat.,-9.3921,66.4228
GOV_52,na,no,2362,na,2113,Aquatic,Marine,na,no,1,yes,Marine DNA Viral Macro- and Microdiversity from Pole to Pole,Gregory et al. ,2019,https://doi.org/10.1016/j.cell.2019.03.040,see publication for location specific header information,[IO] Indian Ocean (MRGID:1904),na,na,Int.Wat.,-16.9534,53.9601
GOV_56,na,no,926,na,779,Aquatic,Marine,na,no,1,yes,Marine DNA Viral Macro- and Microdiversity from Pole to Pole,Gregory et al. ,2019,https://doi.org/10.1016/j.cell.2019.03.040,see publication for location specific header information,[IO] Indian Ocean (MRGID:1904),na,na,Int.Wat.,-15.3379,43.2948
GOV_58,na,no,1068,na,909,Aquatic,Marine,na,no,1,yes,Marine DNA Viral Macro- and Microdiversity from Pole to Pole,Gregory et al. ,2019,https://doi.org/10.1016/j.cell.2019.03.040,see publication for location specific header information,[IO] Indian Ocean (MRGID:1904),na,na,Int.Wat.,-17.2855,42.2866
GOV_62,na,no,1220,na,1022,Aquatic,Marine,na,no,1,yes,Marine DNA Viral Macro- and Microdiversity from Pole to Pole,Gregory et al. ,2019,https://doi.org/10.1016/j.cell.2019.03.040,see publication for location specific header information,[IO] Indian Ocean (MRGID:1904),na,na,Int.Wat.,-22.3368,40.3412
GOV_64,na,no,4113,na,3589,Aquatic,Marine,na,no,1,yes,Marine DNA Viral Macro- and Microdiversity from Pole to Pole,Gregory et al. ,2019,https://doi.org/10.1016/j.cell.2019.03.040,see publication for location specific header information,[IO] Indian Ocean (MRGID:1904),na,na,Int.Wat.,-29.5333,37.9117
GOV_65,na,no,1942,na,1488,Aquatic,Marine,na,no,1,yes,Marine DNA Viral Macro- and Microdiversity from Pole to Pole,Gregory et al. ,2019,https://doi.org/10.1016/j.cell.2019.03.040,see publication for location specific header information,[IO] Indian Ocean (MRGID:1904),na,na,Int.Wat.,-35.1728,26.2868
GOV_66,na,no,1568,na,1267,Aquatic,Marine,na,no,1,yes,Marine DNA Viral Macro- and Microdiversity from Pole to Pole,Gregory et al. ,2019,https://doi.org/10.1016/j.cell.2019.03.040,see publication for location specific header information,[SAO] South Atlantic Ocean (MRGID:1914),na,na,Int.Wat.,-34.9449,17.9189
GOV_67,na,no,2405,na,2121,Aquatic,Marine,na,no,1,yes,Marine DNA Viral Macro- and Microdiversity from Pole to Pole,Gregory et al. ,2019,https://doi.org/10.1016/j.cell.2019.03.040,see publication for location specific header information,[SAO] South Atlantic Ocean (MRGID:1914),na,na,Int.Wat.,-32.2401,17.7103
GOV_68,na,no,5832,na,4927,Aquatic,Marine,na,no,1,yes,Marine DNA Viral Macro- and Microdiversity from Pole to Pole,Gregory et al. ,2019,https://doi.org/10.1016/j.cell.2019.03.040,see publication for location specific header information,[SAO] South Atlantic Ocean (MRGID:1914),na,na,Int.Wat.,-31.027,4.6802
GOV_70,na,no,2131,na,1966,Aquatic,Marine,na,no,1,yes,Marine DNA Viral Macro- and Microdiversity from Pole to Pole,Gregory et al. ,2019,https://doi.org/10.1016/j.cell.2019.03.040,see publication for location specific header information,[SAO] South Atlantic Ocean (MRGID:1914),na,na,Int.Wat.,-20.4091,-3.1759
GOV_72,na,no,3563,na,3118,Aquatic,Marine,na,no,1,yes,Marine DNA Viral Macro- and Microdiversity from Pole to Pole,Gregory et al. ,2019,https://doi.org/10.1016/j.cell.2019.03.040,see publication for location specific header information,[SAO] South Atlantic Ocean (MRGID:1914),na,na,Int.Wat.,-8.7296,-17.9604
GOV_76,na,no,2575,na,2215,Aquatic,Marine,na,no,1,yes,Marine DNA Viral Macro- and Microdiversity from Pole to Pole,Gregory et al. ,2019,https://doi.org/10.1016/j.cell.2019.03.040,see publication for location specific header information,[SAO] South Atlantic Ocean (MRGID:1914),na,na,Int.Wat.,-20.9315,-35.1794
GOV_78,na,no,3647,na,3064,Aquatic,Marine,na,no,1,yes,Marine DNA Viral Macro- and Microdiversity from Pole to Pole,Gregory et al. ,2019,https://doi.org/10.1016/j.cell.2019.03.040,see publication for location specific header information,[SAO] South Atlantic Ocean (MRGID:1914),na,na,Int.Wat.,-30.1471,-43.2915
GOV_82,na,no,2483,na,2161,Aquatic,Marine,na,no,1,yes,Marine DNA Viral Macro- and Microdiversity from Pole to Pole,Gregory et al. ,2019,https://doi.org/10.1016/j.cell.2019.03.040,see publication for location specific header information,[SAO] South Atlantic Ocean (MRGID:1914),na,na,Int.Wat.,-47.2007,-57.9446
GOV_84,na,no,701,na,637,Aquatic,Marine,na,no,1,yes,Marine DNA Viral Macro- and Microdiversity from Pole to Pole,Gregory et al. ,2019,https://doi.org/10.1016/j.cell.2019.03.040,see publication for location specific header information,[SO] Southern Ocean (MRGID:1907),na,na,Int.Wat.,-60.2287,-60.6476
GOV_85,na,no,6366,na,5999,Aquatic,Marine,na,no,1,yes,Marine DNA Viral Macro- and Microdiversity from Pole to Pole,Gregory et al. ,2019,https://doi.org/10.1016/j.cell.2019.03.040,see publication for location specific header information,[SO] Southern Ocean (MRGID:1907),na,na,Int.Wat.,-61.9689,-49.5017
GOV_M_103,na,no,80,na,73,Aquatic,Marine,na,no,1,yes,Marine DNA Viral Macro- and Microdiversity from Pole to Pole,Gregory et al. ,2019,https://doi.org/10.1016/j.cell.2019.03.040,see publication for location specific header information,[NPO] North Pacific Ocean (MRGID:1908),na,na,Int.Wat.,21.064,-150.319
GOV_M_109,na,no,80,na,73,Aquatic,Marine,na,no,1,yes,Marine DNA Viral Macro- and Microdiversity from Pole to Pole,Gregory et al. ,2019,https://doi.org/10.1016/j.cell.2019.03.040,see publication for location specific header information,[NPO] North Pacific Ocean (MRGID:1908),na,na,Int.Wat.,18.04,-133.26
GOV_M_112,na,no,80,na,73,Aquatic,Marine,na,no,1,yes,Marine DNA Viral Macro- and Microdiversity from Pole to Pole,Gregory et al. ,2019,https://doi.org/10.1016/j.cell.2019.03.040,see publication for location specific header information,[NPO] North Pacific Ocean (MRGID:1908),na,na,Int.Wat.,15.909,-124.474
GOV_M_114,na,no,80,na,73,Aquatic,Marine,na,no,1,yes,Marine DNA Viral Macro- and Microdiversity from Pole to Pole,Gregory et al. ,2019,https://doi.org/10.1016/j.cell.2019.03.040,see publication for location specific header information,[NPO] North Pacific Ocean (MRGID:1908),na,na,Int.Wat.,14.53,-118.77
GOV_M_118,na,no,80,na,73,Aquatic,Marine,na,no,1,yes,Marine DNA Viral Macro- and Microdiversity from Pole to Pole,Gregory et al. ,2019,https://doi.org/10.1016/j.cell.2019.03.040,see publication for location specific header information,[NPO] North Pacific Ocean (MRGID:1908),na,na,Int.Wat.,12,-108.06
GOV_M_121,na,no,80,na,73,Aquatic,Marine,na,no,1,yes,Marine DNA Viral Macro- and Microdiversity from Pole to Pole,Gregory et al. ,2019,https://doi.org/10.1016/j.cell.2019.03.040,see publication for location specific header information,[NPO] North Pacific Ocean (MRGID:1908),na,na,Int.Wat.,10.093,-99.246
GOV_M_131,na,no,80,na,73,Aquatic,Marine,na,no,1,yes,Marine DNA Viral Macro- and Microdiversity from Pole to Pole,Gregory et al. ,2019,https://doi.org/10.1016/j.cell.2019.03.040,see publication for location specific header information,[NAO] North Atlantic Ocean (MRGID:1912),na,na,Int.Wat.,17.43,-59.83
GOV_M_134,na,no,80,na,73,Aquatic,Marine,na,no,1,yes,Marine DNA Viral Macro- and Microdiversity from Pole to Pole,Gregory et al. ,2019,https://doi.org/10.1016/j.cell.2019.03.040,see publication for location specific header information,[NAO] North Atlantic Ocean (MRGID:1912),na,na,Int.Wat.,19.99,-52.637
GOV_M_144,na,no,80,na,73,Aquatic,Marine,na,no,1,yes,Marine DNA Viral Macro- and Microdiversity from Pole to Pole,Gregory et al. ,2019,https://doi.org/10.1016/j.cell.2019.03.040,see publication for location specific header information,[NAO] North Atlantic Ocean (MRGID:1912),na,na,Int.Wat.,29.97,-23.69
GOV_M_146,na,no,80,na,73,Aquatic,Marine,na,no,1,yes,Marine DNA Viral Macro- and Microdiversity from Pole to Pole,Gregory et al. ,2019,https://doi.org/10.1016/j.cell.2019.03.040,see publication for location specific header information,[NAO] North Atlantic Ocean (MRGID:1912),na,na,Int.Wat.,32.0788,-17.2662
GOV_M_81,na,no,80,na,73,Aquatic,Marine,na,no,1,yes,Marine DNA Viral Macro- and Microdiversity from Pole to Pole,Gregory et al. ,2019,https://doi.org/10.1016/j.cell.2019.03.040,see publication for location specific header information,[SPO] South Pacific Ocean (MRGID:1910),na,na,Int.Wat.,-28.406,179.141
GOV_M_82,na,no,80,na,73,Aquatic,Marine,na,no,1,yes,Marine DNA Viral Macro- and Microdiversity from Pole to Pole,Gregory et al. ,2019,https://doi.org/10.1016/j.cell.2019.03.040,see publication for location specific header information,[SPO] South Pacific Ocean (MRGID:1910),na,na,Int.Wat.,-25.49,-179.52
GOV_M_91,na,no,80,na,73,Aquatic,Marine,na,no,1,yes,Marine DNA Viral Macro- and Microdiversity from Pole to Pole,Gregory et al. ,2019,https://doi.org/10.1016/j.cell.2019.03.040,see publication for location specific header information,[SPO] South Pacific Ocean (MRGID:1910),na,na,Int.Wat.,-5.75,-170.741
GOV_M_97,na,no,80,na,73,Aquatic,Marine,na,no,1,yes,Marine DNA Viral Macro- and Microdiversity from Pole to Pole,Gregory et al. ,2019,https://doi.org/10.1016/j.cell.2019.03.040,see publication for location specific header information,[SPO] South Pacific Ocean (MRGID:1910),na,na,Int.Wat.,9.22,-163.53
citrus_rhizo_BR_rhizo,na,no,60,na,60,Soil,Rhizosphere,na,no,2,yes,﻿The structure and function of the global citrus rhizosphere microbiome,"Xu, J., Zhang, Y., Zhang, P. et al. ",2018,https://doi.org/10.1038/s41467-018-07343-2,"AM ter Horst mined this dataset for vOTUs for PIGEON2.0, Dispersal, habitat filtering, and eco-evolutionary dynamics as drivers of local and global wetland viral biogeography",Brazil (see paper for coords),na,na,Brazil,-23.85602912,-46.71655486
citrus_rhizo_BR_bulk,na,no,90,na,90,Soil,Agricultural,na,no,2,yes,﻿The structure and function of the global citrus rhizosphere microbiome,"Xu, J., Zhang, Y., Zhang, P. et al. ",2018,https://doi.org/10.1038/s41467-018-07343-2,"AM ter Horst mined this dataset for vOTUs for PIGEON2.0, Dispersal, habitat filtering, and eco-evolutionary dynamics as drivers of local and global wetland viral biogeography",Brazil (see paper for coords),na,na,Brazil,-23.85602912,-46.71655486
citrus_rhizo_SA_rhizo,na,no,647,na,647,Soil,Rhizosphere,na,no,2,yes,﻿The structure and function of the global citrus rhizosphere microbiome,"Xu, J., Zhang, Y., Zhang, P. et al. ",2018,https://doi.org/10.1038/s41467-018-07343-2,"AM ter Horst mined this dataset for vOTUs for PIGEON2.0, Dispersal, habitat filtering, and eco-evolutionary dynamics as drivers of local and global wetland viral biogeography",South Africa,na,na,South Africa,-24.35550523,30.96838638
citrus_rhizo_SP_rhizo,na,no,365,na,365,Soil,Rhizosphere,na,no,2,yes,﻿The structure and function of the global citrus rhizosphere microbiome,"Xu, J., Zhang, Y., Zhang, P. et al. ",2018,https://doi.org/10.1038/s41467-018-07343-2,"AM ter Horst mined this dataset for vOTUs for PIGEON2.0, Dispersal, habitat filtering, and eco-evolutionary dynamics as drivers of local and global wetland viral biogeography",Spain,na,na,Spain,37.46721251,-5.662072524
citrus_rhizo_SP_bulk,na,no,103,na,103,Soil,Agricultural,na,no,2,yes,﻿The structure and function of the global citrus rhizosphere microbiome,"Xu, J., Zhang, Y., Zhang, P. et al. ",2018,https://doi.org/10.1038/s41467-018-07343-2,"AM ter Horst mined this dataset for vOTUs for PIGEON2.0, Dispersal, habitat filtering, and eco-evolutionary dynamics as drivers of local and global wetland viral biogeography",Spain,na,na,Spain,37.46721251,-5.662072524
citrus_rhizo_FR_bulk,na,no,223,na,223,Soil,Agricultural,na,no,2,yes,﻿The structure and function of the global citrus rhizosphere microbiome,"Xu, J., Zhang, Y., Zhang, P. et al. ",2018,https://doi.org/10.1038/s41467-018-07343-2,"AM ter Horst mined this dataset for vOTUs for PIGEON2.0, Dispersal, habitat filtering, and eco-evolutionary dynamics as drivers of local and global wetland viral biogeography", Le Guillaume,na,na,France,48.216713,-0.137910537
citrus_rhizo_FR_rhizo,na,no,336,na,336,Soil,Rhizosphere,na,no,2,yes,﻿The structure and function of the global citrus rhizosphere microbiome,"Xu, J., Zhang, Y., Zhang, P. et al. ",2018,https://doi.org/10.1038/s41467-018-07343-2,"AM ter Horst mined this dataset for vOTUs for PIGEON2.0, Dispersal, habitat filtering, and eco-evolutionary dynamics as drivers of local and global wetland viral biogeography", Le Guillaume,na,na,France,48.216713,-0.137910537
citrus_rhizo_USFL_rhizo,na,no,138,na,138,Soil,Rhizosphere,na,no,2,yes,﻿The structure and function of the global citrus rhizosphere microbiome,"Xu, J., Zhang, Y., Zhang, P. et al. ",2018,https://doi.org/10.1038/s41467-018-07343-2,"AM ter Horst mined this dataset for vOTUs for PIGEON2.0, Dispersal, habitat filtering, and eco-evolutionary dynamics as drivers of local and global wetland viral biogeography",Florida,na,FL,USA,28.17513956,-81.58289109
citrus_rhizo_USFL_bulk,na,no,46,na,46,Soil,Agricultural,na,no,2,yes,﻿The structure and function of the global citrus rhizosphere microbiome,"Xu, J., Zhang, Y., Zhang, P. et al. ",2018,https://doi.org/10.1038/s41467-018-07343-2,"AM ter Horst mined this dataset for vOTUs for PIGEON2.0, Dispersal, habitat filtering, and eco-evolutionary dynamics as drivers of local and global wetland viral biogeography",Florida,na,FL,USA,28.17513956,-81.58289109
citrus_rhizo_IT_rhizo,na,no,113,na,113,Soil,Rhizosphere,na,no,2,yes,﻿The structure and function of the global citrus rhizosphere microbiome,"Xu, J., Zhang, Y., Zhang, P. et al. ",2018,https://doi.org/10.1038/s41467-018-07343-2,"AM ter Horst mined this dataset for vOTUs for PIGEON2.0, Dispersal, habitat filtering, and eco-evolutionary dynamics as drivers of local and global wetland viral biogeography",Sicily, Scordia ,na,Italy,37.29547947,14.840006
citrus_rhizo_IT_bulk,na,no,53,na,53,Soil,Agricultural,na,no,2,yes,﻿The structure and function of the global citrus rhizosphere microbiome,"Xu, J., Zhang, Y., Zhang, P. et al. ",2018,https://doi.org/10.1038/s41467-018-07343-2,"AM ter Horst mined this dataset for vOTUs for PIGEON2.0, Dispersal, habitat filtering, and eco-evolutionary dynamics as drivers of local and global wetland viral biogeography",Sicily, Scordia ,na,Italy,37.29547947,14.840006
citrus_rhizo_UST_rhizo,na,no,68,na,68,Soil,Rhizosphere,na,no,2,yes,﻿The structure and function of the global citrus rhizosphere microbiome,"Xu, J., Zhang, Y., Zhang, P. et al. ",2018,https://doi.org/10.1038/s41467-018-07343-2,"AM ter Horst mined this dataset for vOTUs for PIGEON2.0, Dispersal, habitat filtering, and eco-evolutionary dynamics as drivers of local and global wetland viral biogeography",Texas,na,na,USA,-26.17,97.96
citrus_rhizo_UST_bulk,na,no,8,na,8,Soil,Agricultural,na,no,2,yes,﻿The structure and function of the global citrus rhizosphere microbiome,"Xu, J., Zhang, Y., Zhang, P. et al. ",2018,https://doi.org/10.1038/s41467-018-07343-2,"AM ter Horst mined this dataset for vOTUs for PIGEON2.0, Dispersal, habitat filtering, and eco-evolutionary dynamics as drivers of local and global wetland viral biogeography",Texas,na,na,USA,-26.17,97.96
citrus_rhizo_AUS_rhizo,na,no,219,na,219,Soil,Rhizosphere,na,no,2,yes,﻿The structure and function of the global citrus rhizosphere microbiome,"Xu, J., Zhang, Y., Zhang, P. et al. ",2018,https://doi.org/10.1038/s41467-018-07343-2,"AM ter Horst mined this dataset for vOTUs for PIGEON2.0, Dispersal, habitat filtering, and eco-evolutionary dynamics as drivers of local and global wetland viral biogeography",Australia,na,na,Australia,-36.56700939,143.47667
citrus_rhizo_AUS_bulk,na,no,265,na,265,Soil,Agricultural,na,no,2,yes,﻿The structure and function of the global citrus rhizosphere microbiome,"Xu, J., Zhang, Y., Zhang, P. et al. ",2018,https://doi.org/10.1038/s41467-018-07343-2,"AM ter Horst mined this dataset for vOTUs for PIGEON2.0, Dispersal, habitat filtering, and eco-evolutionary dynamics as drivers of local and global wetland viral biogeography",Australia,na,na,Australia,-36.56700939,143.47667
citrus_rhizo_USCA_rhizo,na,no,44,na,44,Soil,Rhizosphere,na,no,2,yes,﻿The structure and function of the global citrus rhizosphere microbiome,"Xu, J., Zhang, Y., Zhang, P. et al. ",2018,https://doi.org/10.1038/s41467-018-07343-2,"AM ter Horst mined this dataset for vOTUs for PIGEON2.0, Dispersal, habitat filtering, and eco-evolutionary dynamics as drivers of local and global wetland viral biogeography",USA,na,CA,USA,33.86935644,-117.4689511
citrus_rhizo_USCA_bulk,na,no,37,na,37,Soil,Agricultural,na,no,2,yes,﻿The structure and function of the global citrus rhizosphere microbiome,"Xu, J., Zhang, Y., Zhang, P. et al. ",2018,https://doi.org/10.1038/s41467-018-07343-2,"AM ter Horst mined this dataset for vOTUs for PIGEON2.0, Dispersal, habitat filtering, and eco-evolutionary dynamics as drivers of local and global wetland viral biogeography",USA,na,CA,USA,33.86935644,-117.4689511
citrus_rhizo_CN_rhizo,na,no,316,na,316,Soil,Rhizosphere,na,no,2,yes,﻿The structure and function of the global citrus rhizosphere microbiome,"Xu, J., Zhang, Y., Zhang, P. et al. ",2018,https://doi.org/10.1038/s41467-018-07343-2,"AM ter Horst mined this dataset for vOTUs for PIGEON2.0, Dispersal, habitat filtering, and eco-evolutionary dynamics as drivers of local and global wetland viral biogeography",Guangxi ,na,na,China,23.99693627,109.4373614
citrus_rhizo_CN_bulk,na,no,107,na,107,Soil,Agricultural,na,no,2,yes,﻿The structure and function of the global citrus rhizosphere microbiome,"Xu, J., Zhang, Y., Zhang, P. et al. ",2018,https://doi.org/10.1038/s41467-018-07343-2,"AM ter Horst mined this dataset for vOTUs for PIGEON2.0, Dispersal, habitat filtering, and eco-evolutionary dynamics as drivers of local and global wetland viral biogeography",Guangxi ,na,na,China,23.99693627,109.4373614
li_2021_1,_1  artificial add to differentiate site,no,373,na,315.8571429,Aquatic,Marine,na,no,2,yes,Deep sea sediments associated with cold seeps are a subsurface reservoir of viral diversity,"Li, Z., Pan, D., Wei, G. et al. ",2021,https://doi.org/10.1038/s41396-021-00932-y,na,HM, see publication for description,,Int.Wat.,72.004,14.73
li_2021_2,_2  artificial add to differentiate site,no,373,na,315.8571429,Aquatic,Marine,na,no,2,yes,Deep sea sediments associated with cold seeps are a subsurface reservoir of viral diversity,"Li, Z., Pan, D., Wei, G. et al. ",2021,https://doi.org/10.1038/s41396-021-00932-y,na,ENP, see publication for description,,Int.Wat.,44.586,-125.12
li_2021_3,_3  artificial add to differentiate site,no,373,na,315.8571429,Aquatic,Marine,na,no,2,yes,Deep sea sediments associated with cold seeps are a subsurface reservoir of viral diversity,"Li, Z., Pan, D., Wei, G. et al. ",2021,https://doi.org/10.1038/s41396-021-00932-y,na,MS, see publication for description,,Int.Wat.,31.71,32.37
li_2021_4,_4  artificial add to differentiate site,no,373,na,315.8571429,Aquatic,Marine,na,no,2,yes,Deep sea sediments associated with cold seeps are a subsurface reservoir of viral diversity,"Li, Z., Pan, D., Wei, G. et al. ",2021,https://doi.org/10.1038/s41396-021-00932-y,na,SMM, see publication for description,,Int.Wat.,33.79,-118.67
li_2021_5,_5  artificial add to differentiate site,no,373,na,315.8571429,Aquatic,Marine,na,no,2,yes,Deep sea sediments associated with cold seeps are a subsurface reservoir of viral diversity,"Li, Z., Pan, D., Wei, G. et al. ",2021,https://doi.org/10.1038/s41396-021-00932-y,na,EGM, see publication for description,,Int.Wat.,26.59,-87.51
li_2021_6,_6  artificial add to differentiate site,no,373,na,315.8571429,Aquatic,Marine,na,no,2,yes,Deep sea sediments associated with cold seeps are a subsurface reservoir of viral diversity,"Li, Z., Pan, D., Wei, G. et al. ",2021,https://doi.org/10.1038/s41396-021-00932-y,na,SB, see publication for description,,Int.Wat.,43.01,-60.21
li_2021_7,_7  artificial add to differentiate site,no,373,na,315.8571429,Aquatic,Marine,na,no,2,yes,Deep sea sediments associated with cold seeps are a subsurface reservoir of viral diversity,"Li, Z., Pan, D., Wei, G. et al. ",2021,https://doi.org/10.1038/s41396-021-00932-y,na,WGM, see publication for description,,Int.Wat.,22.9,-93.44
